"RK",TIERS,"PLAYER NAME",TEAM,"POS","BYE WEEK","SOS SEASON","ECR VS. ADP"
"1",1,"Ja'Marr Chase",CIN,"WR1","10","3 out of 5 stars","0"
"2",1,"Bijan Robinson",ATL,"RB1","5","4 out of 5 stars","0"
"3",1,"CeeDee Lamb",DAL,"WR2","10","2 out of 5 stars","+3"
"4",1,"Justin Jefferson",MIN,"WR3","6","2 out of 5 stars","+1"
"5",2,"Jahmyr Gibbs",DET,"RB2","8","2 out of 5 stars","-1"
"6",2,"Malik Nabers",NYG,"WR4","14","2 out of 5 stars","+4"
"7",2,"Puka Nacua",LAR,"WR5","8","3 out of 5 stars","+1"
"8",2,"Amon-Ra St. Brown",DET,"WR6","8","3 out of 5 stars","+1"
"9",2,"Saquon Barkley",PHI,"RB3","9","3 out of 5 stars","-6"
"10",2,"Nico Collins",HOU,"WR7","6","4 out of 5 stars","+4"
"11",2,"Brian Thomas Jr.",JAC,"WR8","8","4 out of 5 stars","+4"
"12",3,"Drake London",ATL,"WR9","5","3 out of 5 stars","+7"
"13",3,"Christian McCaffrey",SF,"RB4","14","3 out of 5 stars","-6"
"14",3,"De'Von Achane",MIA,"RB5","12","4 out of 5 stars","-1"
"15",3,"Brock Bowers",LV,"TE1","8","2 out of 5 stars","+3"
"16",3,"Ashton Jeanty",LV,"RB6","8","2 out of 5 stars","-5"
"17",3,"A.J. Brown",PHI,"WR10","9","3 out of 5 stars","0"
"18",3,"Ladd McConkey",LAC,"WR11","12","3 out of 5 stars","+7"
"19",3,"Jaxon Smith-Njigba",SEA,"WR12","8","3 out of 5 stars","+14"
"20",3,"Trey McBride",ARI,"TE2","8","5 out of 5 stars","+6"
"21",4,"Garrett Wilson",NYJ,"WR13","9","4 out of 5 stars","+14"
"22",4,"Derrick Henry",BAL,"RB7","7","4 out of 5 stars","-10"
"23",4,"Tyreek Hill",MIA,"WR14","12","3 out of 5 stars","+5"
"24",4,"Josh Allen",BUF,"QB1","7","4 out of 5 stars","-1"
"25",4,"Tee Higgins",CIN,"WR15","10","3 out of 5 stars","+4"
"26",4,"Lamar Jackson",BAL,"QB2","7","3 out of 5 stars","-5"
"27",4,"Chase Brown",CIN,"RB8","10","4 out of 5 stars","0"
"28",4,"Davante Adams",LAR,"WR16","8","3 out of 5 stars","+12"
"29",4,"Bucky Irving",TB,"RB9","9","3 out of 5 stars","-7"
"30",4,"Josh Jacobs",GB,"RB10","5","4 out of 5 stars","-14"
"31",4,"Jonathan Taylor",IND,"RB11","11","2 out of 5 stars","-11"
"32",5,"George Kittle",SF,"TE3","14","3 out of 5 stars","+7"
"33",5,"Mike Evans",TB,"WR17","9","3 out of 5 stars","+9"
"34",5,"Jayden Daniels",WAS,"QB3","12","2 out of 5 stars","-4"
"35",5,"Jalen Hurts",PHI,"QB4","9","3 out of 5 stars","+1"
"36",5,"Marvin Harrison Jr.",ARI,"WR18","8","4 out of 5 stars","+7"
"37",5,"Kyren Williams",LAR,"RB12","8","3 out of 5 stars","-13"
"38",5,"DJ Moore",CHI,"WR19","5","2 out of 5 stars","+9"
"39",5,"Terry McLaurin",WAS,"WR20","12","3 out of 5 stars","+2"
"40",5,"Breece Hall",NYJ,"RB13","9","5 out of 5 stars","-8"
"41",5,"Alvin Kamara",NO,"RB14","11","4 out of 5 stars","-3"
"42",5,"Kenneth Walker III",SEA,"RB15","8","3 out of 5 stars","-5"
"43",5,"DK Metcalf",PIT,"WR21","5","4 out of 5 stars","+5"
"44",5,"Joe Burrow",CIN,"QB5","10","2 out of 5 stars","-10"
"45",5,"Courtland Sutton",DEN,"WR22","12","3 out of 5 stars","+8"
"46",6,"James Cook",BUF,"RB16","7","4 out of 5 stars","-15"
"47",6,"DeVonta Smith",PHI,"WR23","9","3 out of 5 stars","+7"
"48",6,"Omarion Hampton",LAC,"RB17","12","2 out of 5 stars","-4"
"49",6,"Chuba Hubbard",CAR,"RB18","14","3 out of 5 stars","-4"
"50",6,"Zay Flowers",BAL,"WR24","7","3 out of 5 stars","+9"
"51",6,"Jaylen Waddle",MIA,"WR25","12","3 out of 5 stars","+24"
"52",6,"James Conner",ARI,"RB19","8","3 out of 5 stars","-6"
"53",6,"Rashee Rice",KC,"WR26","10","3 out of 5 stars","-4"
"54",6,"Tetairoa McMillan",CAR,"WR27","14","4 out of 5 stars","+14"
"55",6,"Xavier Worthy",KC,"WR28","10","3 out of 5 stars","+1"
"56",6,"Jameson Williams",DET,"WR29","8","3 out of 5 stars","+6"
"57",6,"Chris Olave",NO,"WR30","11","4 out of 5 stars","+21"
"58",6,"George Pickens",DAL,"WR31","10","2 out of 5 stars","+9"
"59",6,"Calvin Ridley",TEN,"WR32","10","4 out of 5 stars","+11"
"60",6,"David Montgomery",DET,"RB20","8","2 out of 5 stars","-3"
"61",6,"Patrick Mahomes II",KC,"QB6","10","3 out of 5 stars","-9"
"62",6,"D'Andre Swift",CHI,"RB21","5","3 out of 5 stars","-7"
"63",7,"T.J. Hockenson",MIN,"TE4","6","3 out of 5 stars","-2"
"64",7,"TreVeyon Henderson",NE,"RB22","14","4 out of 5 stars","-4"
"65",7,"Jerry Jeudy",CLE,"WR33","9","2 out of 5 stars","+11"
"66",7,"Travis Hunter",JAC,"WR34","8","4 out of 5 stars","0"
"67",7,"Sam LaPorta",DET,"TE5","8","3 out of 5 stars","-17"
"68",7,"Aaron Jones Sr.",MIN,"RB23","6","3 out of 5 stars","-3"
"69",7,"RJ Harvey",DEN,"RB24","12","2 out of 5 stars","-6"
"70",7,"Travis Kelce",KC,"TE6","10","3 out of 5 stars","-12"
"71",7,"Baker Mayfield",TB,"QB7","9","2 out of 5 stars","-7"
"72",7,"Isiah Pacheco",KC,"RB25","10","2 out of 5 stars","-3"
"73",7,"Tony Pollard",TEN,"RB26","10","2 out of 5 stars","0"
"74",7,"Stefon Diggs",NE,"WR35","14","3 out of 5 stars","+13"
"75",7,"Bo Nix",DEN,"QB8","12","4 out of 5 stars","-3"
"76",7,"Rome Odunze",CHI,"WR36","5","2 out of 5 stars","+4"
"77",7,"Jakobi Meyers",LV,"WR37","8","4 out of 5 stars","+14"
"78",7,"Chris Godwin",TB,"WR38","9","3 out of 5 stars","-1"
"79",7,"Kyler Murray",ARI,"QB9","8","4 out of 5 stars","+4"
"80",7,"Evan Engram",DEN,"TE7","12","3 out of 5 stars","+2"
"81",7,"Joe Mixon",HOU,"RB27","6","2 out of 5 stars","-30"
"82",7,"Kaleb Johnson",PIT,"RB28","5","4 out of 5 stars","-11"
"83",7,"David Njoku",CLE,"TE8","9","3 out of 5 stars","+1"
"84",8,"Brian Robinson Jr.",WAS,"RB29","12","2 out of 5 stars","-5"
"85",8,"Justin Fields",NYJ,"QB10","9","5 out of 5 stars","+19"
"86",8,"Jaylen Warren",PIT,"RB30","5","4 out of 5 stars","+3"
"87",8,"Khalil Shakir",BUF,"WR39","7","3 out of 5 stars","+6"
"88",8,"Jordan Addison",MIN,"WR40","6","2 out of 5 stars","-7"
"89",8,"Mark Andrews",BAL,"TE9","7","3 out of 5 stars","-15"
"90",8,"Dak Prescott",DAL,"QB11","10","2 out of 5 stars","+12"
"91",8,"Tyrone Tracy Jr.",NYG,"RB31","14","3 out of 5 stars","-3"
"92",8,"Jauan Jennings",SF,"WR41","14","4 out of 5 stars","+2"
"93",8,"Josh Downs",IND,"WR42","11","4 out of 5 stars","+29"
"94",8,"Brock Purdy",SF,"QB12","14","4 out of 5 stars","+7"
"95",8,"Ricky Pearsall",SF,"WR43","14","4 out of 5 stars","+5"
"96",8,"Justin Herbert",LAC,"QB13","12","3 out of 5 stars","+11"
"97",8,"Caleb Williams",CHI,"QB14","5","2 out of 5 stars","+13"
"98",8,"Deebo Samuel Sr.",WAS,"WR44","12","3 out of 5 stars","-12"
"99",8,"Michael Pittman Jr.",IND,"WR45","11","4 out of 5 stars","+24"
"100",8,"Jayden Reed",GB,"WR46","5","2 out of 5 stars","+5"
"101",8,"Jared Goff",DET,"QB15","8","2 out of 5 stars","-3"
"102",8,"Travis Etienne Jr.",JAC,"RB32","8","2 out of 5 stars","-7"
"103",8,"Cooper Kupp",SEA,"WR47","8","3 out of 5 stars","-18"
"104",8,"Drake Maye",NE,"QB16","14","5 out of 5 stars","+38"
"105",8,"Jake Ferguson",DAL,"TE10","10","2 out of 5 stars","+28"
"106",8,"Tucker Kraft",GB,"TE11","5","2 out of 5 stars","+5"
"107",8,"Jordan Love",GB,"QB17","5","2 out of 5 stars","+19"
"108",8,"Emeka Egbuka",TB,"WR48","9","3 out of 5 stars","+11"
"109",8,"Javonte Williams",DAL,"RB33","10","2 out of 5 stars","-12"
"110",8,"Jordan Mason",MIN,"RB34","6","3 out of 5 stars","+6"
"111",8,"Zach Charbonnet",SEA,"RB35","8","3 out of 5 stars","+6"
"112",9,"Trevor Lawrence",JAC,"QB18","8","3 out of 5 stars","+55"
"113",9,"Tyjae Spears",TEN,"RB36","10","2 out of 5 stars","+16"
"114",9,"Rhamondre Stevenson",NE,"RB37","14","4 out of 5 stars","-8"
"115",9,"C.J. Stroud",HOU,"QB19","6","3 out of 5 stars","+19"
"116",9,"Darnell Mooney",ATL,"WR49","5","3 out of 5 stars","+9"
"117",9,"Dalton Kincaid",BUF,"TE12","7","3 out of 5 stars","+13"
"118",9,"Cam Skattebo",NYG,"RB38","14","3 out of 5 stars","-28"
"119",9,"Tyler Warren",IND,"TE13","11","3 out of 5 stars","-11"
"120",9,"Brandon Aiyuk",SF,"WR50","14","4 out of 5 stars","0"
"121",9,"Najee Harris",LAC,"RB39","12","2 out of 5 stars","-9"
"122",9,"J.J. McCarthy",MIN,"QB20","6","2 out of 5 stars","+22"
"123",9,"Dallas Goedert",PHI,"TE14","9","3 out of 5 stars","+9"
"124",9,"Rachaad White",TB,"RB40","9","3 out of 5 stars","+7"
"125",9,"Matthew Golden",GB,"WR51","5","2 out of 5 stars","-29"
"126",9,"Christian Kirk",HOU,"WR52","6","4 out of 5 stars","+40"
"127",9,"J.K. Dobbins",DEN,"RB41","12","2 out of 5 stars","-14"
"128",9,"Rashid Shaheed",NO,"WR53","11","4 out of 5 stars","+22"
"129",9,"Tank Bigsby",JAC,"RB42","8","2 out of 5 stars","+8"
"130",9,"Keon Coleman",BUF,"WR54","7","3 out of 5 stars","-9"
"131",9,"Colston Loveland",CHI,"TE15","5","4 out of 5 stars","-22"
"132",9,"Tua Tagovailoa",MIA,"QB21","12","5 out of 5 stars","+31"
"133",9,"Quinshon Judkins",CLE,"RB43","9","4 out of 5 stars","-41"
"134",9,"Luther Burden III",CHI,"WR55","5","2 out of 5 stars","+21"
"135",9,"Austin Ekeler",WAS,"RB44","12","2 out of 5 stars","0"
"136",9,"Cedric Tillman",CLE,"WR56","9","2 out of 5 stars","+63"
"137",9,"Matthew Stafford",LAR,"QB22","8","3 out of 5 stars","+41"
"138",9,"Bryce Young",CAR,"QB23","14","3 out of 5 stars","+72"
"139",9,"Rashod Bateman",BAL,"WR57","7","3 out of 5 stars","+33"
"140",9,"Michael Penix Jr.",ATL,"QB24","5","4 out of 5 stars","+34"
"141",10,"Jerome Ford",CLE,"RB45","9","4 out of 5 stars","+16"
"142",10,"Hunter Henry",NE,"TE16","14","3 out of 5 stars","+26"
"143",10,"Ray Davis",BUF,"RB46","7","4 out of 5 stars","+26"
"144",10,"Jonnu Smith",PIT,"TE17","5","3 out of 5 stars","-29"
"145",10,"Marquise Brown",KC,"WR58","10","3 out of 5 stars","+16"
"146",10,"Marvin Mims Jr.",DEN,"WR59","12","3 out of 5 stars","+6"
"147",10,"Kyle Pitts Sr.",ATL,"TE18","5","3 out of 5 stars","-9"
"148",10,"Romeo Doubs",GB,"WR60","5","2 out of 5 stars","+53"
"149",10,"Adam Thielen",CAR,"WR61","14","4 out of 5 stars","+30"
"150",10,"Tre' Harris",LAC,"WR62","12","3 out of 5 stars","-4"
"151",10,"Tyler Allgeier",ATL,"RB47","5","4 out of 5 stars","+9"
"152",10,"Denver Broncos",DEN,"DST1","12","4 out of 5 stars","-49"
"153",10,"Wan'Dale Robinson",NYG,"WR63","14","2 out of 5 stars","+49"
"154",10,"Jaydon Blue",DAL,"RB48","10","2 out of 5 stars","-18"
"155",10,"Trey Benson",ARI,"RB49","8","3 out of 5 stars","-2"
"156",10,"Geno Smith",LV,"QB25","8","3 out of 5 stars","+44"
"157",10,"Jayden Higgins",HOU,"WR64","6","4 out of 5 stars","-14"
"158",10,"Braelon Allen",NYJ,"RB50","9","5 out of 5 stars","+19"
"159",10,"DeMario Douglas",NE,"WR65","14","3 out of 5 stars","+62"
"160",10,"Isaac Guerendo",SF,"RB51","14","3 out of 5 stars","-11"
"161",10,"Zach Ertz",WAS,"TE19","12","3 out of 5 stars","-10"
"162",10,"Rico Dowdle",CAR,"RB52","14","3 out of 5 stars","+45"
"163",10,"Kyle Williams",NE,"WR66","14","3 out of 5 stars","+19"
"164",10,"Philadelphia Eagles",PHI,"DST2","9","2 out of 5 stars","-50"
"165",10,"Xavier Legette",CAR,"WR67","14","4 out of 5 stars","+16"
"166",10,"Quentin Johnston",LAC,"WR68","12","3 out of 5 stars","+27"
"167",10,"Pittsburgh Steelers",PIT,"DST3","5","3 out of 5 stars","-43"
"168",10,"Jalen McMillan",TB,"WR69","9","3 out of 5 stars","+24"
"169",10,"Jaylen Wright",MIA,"RB53","12","4 out of 5 stars","+15"
"170",10,"Dylan Sampson",CLE,"RB54","9","4 out of 5 stars","+6"
"171",10,"Baltimore Ravens",BAL,"DST4","7","3 out of 5 stars","-43"
"172",10,"Sam Darnold",SEA,"QB26","8","4 out of 5 stars","+48"
"173",10,"Cameron Ward",TEN,"QB27","10","2 out of 5 stars","0"
"174",10,"Bhayshul Tuten",JAC,"RB55","8","2 out of 5 stars","-18"
"175",10,"Minnesota Vikings",MIN,"DST5","6","2 out of 5 stars","-30"
"176",10,"Brenton Strange",JAC,"TE20","8","3 out of 5 stars","+20"
"177",10,"Nick Chubb",HOU,"RB56","6","2 out of 5 stars","-29"
"178",10,"Roschon Johnson",CHI,"RB57","5","3 out of 5 stars","+28"
"179",11,"DeAndre Hopkins",BAL,"WR70","7","3 out of 5 stars","+30"
"180",11,"Houston Texans",HOU,"DST6","6","2 out of 5 stars","-39"
"181",11,"Kansas City Chiefs",KC,"DST7","10","1 out of 5 stars","-6"
"182",11,"Brandon Aubrey",DAL,"K1","10","4 out of 5 stars","-83"
"183",11,"Joshua Palmer",BUF,"WR71","7","3 out of 5 stars","+44"
"184",11,"Buffalo Bills",BUF,"DST8","7","5 out of 5 stars","-45"
"185",11,"Detroit Lions",DET,"DST9","8","1 out of 5 stars","-21"
"186",11,"Jake Bates",DET,"K2","8","1 out of 5 stars","-59"
"187",11,"Cameron Dicker",LAC,"K3","12","5 out of 5 stars","-69"
"188",11,"Pat Freiermuth",PIT,"TE21","5","3 out of 5 stars","+6"
"189",11,"Jack Bech",LV,"WR72","8","4 out of 5 stars","-27"
"190",11,"Jalen Coker",CAR,"WR73","14","4 out of 5 stars","+138"
"191",11,"Chig Okonkwo",TEN,"TE22","10","3 out of 5 stars","+31"
"192",11,"Aaron Rodgers",PIT,"QB28","5","4 out of 5 stars","+34"
"193",11,"Mike Gesicki",CIN,"TE23","10","2 out of 5 stars","+26"
"194",11,"Blake Corum",LAR,"RB58","8","3 out of 5 stars","+34"
"195",11,"Wil Lutz",DEN,"K4","12","5 out of 5 stars","-12"
"196",11,"Los Angeles Chargers",LAC,"DST10","12","5 out of 5 stars","+7"
"197",11,"Isaiah Likely",BAL,"TE24","7","3 out of 5 stars","-27"
"198",11,"Chris Boswell",PIT,"K5","5","1 out of 5 stars","-51"
"199",11,"Michael Wilson",ARI,"WR74","8","4 out of 5 stars","+125"
"200",11,"Seattle Seahawks",SEA,"DST11","8","3 out of 5 stars","+5"
"201",11,"Cade Otton",TB,"TE25","9","3 out of 5 stars","+14"
"202",11,"Los Angeles Rams",LAR,"DST12","8","3 out of 5 stars","+21"
"203",11,"Chase McLaughlin",TB,"K6","9","3 out of 5 stars","-63"
"204",11,"Ka'imi Fairbairn",HOU,"K7","6","3 out of 5 stars","-50"
"205",11,"Alec Pierce",IND,"WR75","11","4 out of 5 stars","+47"
"206",11,"Keenan Allen",LAC,"WR76","12","3 out of 5 stars","+18"
"207",11,"MarShawn Lloyd",GB,"RB59","5","4 out of 5 stars","+26"
"208",11,"Mason Taylor",NYJ,"TE26","9","3 out of 5 stars","+30"
"209",11,"Green Bay Packers",GB,"DST13","5","2 out of 5 stars","-18"
"210",11,"Harrison Butker",KC,"K8","10","3 out of 5 stars","-52"
"211",11,"Anthony Richardson Sr.",IND,"QB29","11","3 out of 5 stars","-14"
"212",11,"Evan McPherson",CIN,"K9","10","1 out of 5 stars","-17"
"213",11,"Darius Slayton",NYG,"WR77","14","2 out of 5 stars","+60"
"214",11,"New York Jets",NYJ,"DST14","9","5 out of 5 stars","-16"
"215",11,"Dontayvion Wicks",GB,"WR78","5","2 out of 5 stars","+61"
"216",11,"Justice Hill",BAL,"RB60","7","4 out of 5 stars","-12"
"217",11,"Tyler Bass",BUF,"K10","7","2 out of 5 stars","-46"
"218",11,"Kareem Hunt",KC,"RB61","10","2 out of 5 stars","-29"
"219",11,"Adonai Mitchell",IND,"WR79","11","4 out of 5 stars","+122"
"220",12,"Jaylin Noel",HOU,"WR80","6","4 out of 5 stars","+57"
"221",12,"Jake Elliott",PHI,"K11","9","2 out of 5 stars","-62"
"222",12,"Calvin Austin III",PIT,"WR81","5","4 out of 5 stars","+29"
"223",12,"Andrei Iosivas",CIN,"WR82","10","3 out of 5 stars","+43"
"224",12,"Dalton Schultz",HOU,"TE27","6","3 out of 5 stars","+8"
"225",12,"San Francisco 49ers",SF,"DST15","14","5 out of 5 stars","-60"
"226",12,"Jason Sanders",MIA,"K12","12","2 out of 5 stars","-46"
"227",12,"Tyler Lockett",TEN,"WR83","10","4 out of 5 stars","+22"
"228",12,"Devaughn Vele",DEN,"WR84","12","3 out of 5 stars","+209"
"229",12,"Elic Ayomanor",TEN,"WR85","10","4 out of 5 stars","+86"
"230",12,"Miles Sanders",DAL,"RB62","10","2 out of 5 stars","+16"
"231",12,"Jaleel McLaughlin",DEN,"RB63","12","2 out of 5 stars","+60"
"232",12,"Kendre Miller",NO,"RB64","11","4 out of 5 stars","+9"
"233",12,"Younghoe Koo",ATL,"K13","5","4 out of 5 stars","-47"
"234",12,"Russell Wilson",NYG,"QB30","14","1 out of 5 stars","+22"
"235",12,"Pat Bryant",DEN,"WR86","12","3 out of 5 stars","+45"
"236",12,"Diontae Johnson",CLE,"WR87","9","2 out of 5 stars","+80"
"237",12,"Kyle Monangai",CHI,"RB65","5","3 out of 5 stars","+24"
"238",12,"Ja'Tavion Sanders",CAR,"TE28","14","4 out of 5 stars","+32"
"239",12,"Woody Marks",HOU,"RB66","6","2 out of 5 stars","+29"
"240",12,"DJ Giddens",IND,"RB67","11","2 out of 5 stars","+17"
"241",12,"Juwan Johnson",NO,"TE29","11","3 out of 5 stars","+71"
"242",12,"Will Shipley",PHI,"RB68","9","3 out of 5 stars","-7"
"243",12,"Elijah Arroyo",SEA,"TE30","8","4 out of 5 stars","-14"
"244",12,"Devin Neal",NO,"RB69","11","4 out of 5 stars","+45"
"245",12,"Dallas Cowboys",DAL,"DST16","10","0 out of 5 stars","-58"
"246",12,"Cole Kmet",CHI,"TE31","5","4 out of 5 stars","+9"
"247",12,"Roman Wilson",PIT,"WR88","5","4 out of 5 stars","+45"
"248",12,"Jalen Royals",KC,"WR89","10","3 out of 5 stars","0"
"249",12,"Elijah Moore",BUF,"WR90","7","3 out of 5 stars","+93"
"250",12,"Brandin Cooks",NO,"WR91","11","4 out of 5 stars","+173"
"251",12,"Jalen Tolbert",DAL,"WR92","10","2 out of 5 stars","+152"
"252",12,"Raheem Mostert",LV,"RB70","8","2 out of 5 stars","-21"
"253",12,"Dyami Brown",JAC,"WR93","8","4 out of 5 stars","+28"
"254",12,"Joshua Karty",LAR,"K14","8","2 out of 5 stars","-4"
"255",12,"Jarquez Hunter",LAR,"RB71","8","3 out of 5 stars","-15"
"256",12,"Tahj Brooks",CIN,"RB72","10","4 out of 5 stars","+9"
"257",12,"Brashard Smith",KC,"RB73","10","2 out of 5 stars","+17"
"258",12,"Keaton Mitchell",BAL,"RB74","7","4 out of 5 stars","+26"
"259",12,"Malik Washington",MIA,"WR94","12","3 out of 5 stars","+292"
"260",12,"Daniel Jones",IND,"QB31","11","3 out of 5 stars","+75"
"261",12,"Tampa Bay Buccaneers",TB,"DST17","9","3 out of 5 stars","-49"
"262",12,"Elijah Mitchell",KC,"RB75","10","2 out of 5 stars","-3"
"263",12,"Nick Westbrook-Ikhine",MIA,"WR95","12","3 out of 5 stars","+156"
"264",12,"Audric Estime",DEN,"RB76","12","2 out of 5 stars","+40"
"265",12,"Matt Gay",WAS,"K15","12","3 out of 5 stars","-54"
"266",12,"Kayshon Boutte",NE,"WR96","14","3 out of 5 stars","+43"
"267",12,"Cleveland Browns",CLE,"DST18","9","3 out of 5 stars","-24"
"268",12,"Antonio Gibson",NE,"RB77","14","4 out of 5 stars","+38"
"269",13,"Trevor Etienne",CAR,"RB78","14","3 out of 5 stars","-5"
"270",13,"Kenneth Gainwell",PIT,"RB79","5","4 out of 5 stars","+131"
"271",13,"Devin Singletary",NYG,"RB80","14","3 out of 5 stars","+116"
"272",13,"Harold Fannin Jr.",CLE,"TE32","9","3 out of 5 stars","+65"
"273",13,"Amari Cooper",FA,"WR97","-","-","+96"
"274",13,"Tre Tucker",LV,"WR98","8","4 out of 5 stars","+132"
"275",13,"Parker Washington",JAC,"WR99","8","4 out of 5 stars","+231"
"276",13,"Ollie Gordon II",MIA,"RB81","12","4 out of 5 stars","+6"
"277",13,"Noah Gray",KC,"TE33","10","3 out of 5 stars","-8"
"278",13,"Ty Johnson",BUF,"RB82","7","4 out of 5 stars","+165"
"279",13,"Tyler Shough",NO,"QB32","11","5 out of 5 stars","+54"
"280",13,"Tim Patrick",DET,"WR100","8","3 out of 5 stars","+46"
"281",13,"Joe Flacco",CLE,"QB33","9","2 out of 5 stars","+2"
"282",13,"Sean Tucker",TB,"RB83","9","3 out of 5 stars","+32"
"283",13,"Xavier Restrepo",TEN,"WR101","10","4 out of 5 stars","+35"
"284",13,"Theo Johnson",NYG,"TE34","14","2 out of 5 stars","+26"
"285",13,"Jordan James",SF,"RB84","14","3 out of 5 stars","-10"
"286",13,"Jalen Nailor",MIN,"WR102","6","2 out of 5 stars","+91"
"287",13,"Khalil Herbert",IND,"RB85","11","2 out of 5 stars","+233"
"288",13,"Jacory Croskey-Merritt",WAS,"RB86","12","2 out of 5 stars","-70"
"289",13,"Luke McCaffrey",WAS,"WR103","12","3 out of 5 stars","+34"
"290",13,"Noah Fant",CIN,"TE35","10","2 out of 5 stars","-11"
"291",13,"Darren Waller",MIA,"TE36","12","3 out of 5 stars","-103"
"292",13,"Dameon Pierce",HOU,"RB87","6","2 out of 5 stars","+66"
"293",13,"Dont'e Thornton Jr.",LV,"WR104","8","4 out of 5 stars","-46"
"294",13,"Isaiah Davis",NYJ,"RB88","9","5 out of 5 stars","+441"
"295",13,"Chicago Bears",CHI,"DST19","5","2 out of 5 stars","-87"
"296",13,"Alexander Mattison",MIA,"RB89","12","4 out of 5 stars","+140"
"297",13,"Taysom Hill",NO,"TE37","11","3 out of 5 stars","-60"
"298",13,"Tory Horton",SEA,"WR105","8","3 out of 5 stars","+5"
"299",13,"Sincere McCormick",LV,"RB90","8","2 out of 5 stars","+176"
"300",13,"Terrance Ferguson",LAR,"TE38","8","4 out of 5 stars","-22"
"301",13,"Christian Watson",GB,"WR106","5","2 out of 5 stars","+33"
"302",13,"Jaxson Dart",NYG,"QB34","14","1 out of 5 stars","-48"
"303",13,"Daniel Carlson",LV,"K16","8","3 out of 5 stars","-73"
"304",13,"Kimani Vidal",LAC,"RB91","12","2 out of 5 stars","+208"
"305",13,"Jermaine Burton",CIN,"WR107","10","3 out of 5 stars","+34"
"306",13,"Oronde Gadsden II",LAC,"TE39","12","3 out of 5 stars","+99"
"307",13,"Isaac TeSlaa",DET,"WR108","8","3 out of 5 stars","-68"
"308",13,"Damien Martinez",SEA,"RB92","8","3 out of 5 stars","+127"
"309",13,"Gabe Davis",FA,"WR109","-","-","-"
"310",13,"Zack Moss",FA,"RB93","-","-","-85"
"311",13,"Ty Chandler",MIN,"RB94","6","3 out of 5 stars","+63"
"312",13,"Chris Brooks",GB,"RB95","5","4 out of 5 stars","+198"
"313",13,"Tyler Higbee",LAR,"TE40","8","4 out of 5 stars","-41"
"314",13,"Tez Johnson",TB,"WR110","9","3 out of 5 stars","+80"
"315",13,"Jason Myers",SEA,"K17","8","5 out of 5 stars","-28"
"316",14,"Emanuel Wilson",GB,"RB96","5","4 out of 5 stars","+128"
"317",14,"Chris Rodriguez Jr.",WAS,"RB97","12","2 out of 5 stars","+304"
"318",14,"Will Reichard",MIN,"K18","6","0 out of 5 stars","-84"
"319",14,"Will Dissly",LAC,"TE41","12","3 out of 5 stars","+24"
"320",14,"Tyrod Taylor",NYJ,"QB35","9","5 out of 5 stars","+316"
"321",14,"New England Patriots",NE,"DST20","14","4 out of 5 stars","-104"
"322",14,"Shedeur Sanders",CLE,"QB36","9","2 out of 5 stars","-78"
"323",14,"Ben Sinnott",WAS,"TE42","12","3 out of 5 stars","+62"
"324",14,"Tutu Atwell",LAR,"WR111","8","3 out of 5 stars","+5"
"325",14,"Tyler Loop",BAL,"K19","7","2 out of 5 stars","-112"
"326",14,"Phil Mafah",DAL,"RB98","10","2 out of 5 stars","+437"
"327",14,"Tyler Conklin",LAC,"TE43","12","3 out of 5 stars","-10"
"328",14,"Miami Dolphins",MIA,"DST21","12","2 out of 5 stars","-70"
"329",14,"Ray-Ray McCloud III",ATL,"WR112","5","3 out of 5 stars","-4"
"330",14,"Raheim Sanders",LAC,"RB99","12","2 out of 5 stars","+601"
"331",14,"Zamir White",LV,"RB100","8","2 out of 5 stars","+17"
"332",14,"Jordan Whittington",LAR,"WR113","8","3 out of 5 stars","+25"
"333",14,"John Metchie III",HOU,"WR114","6","4 out of 5 stars","+204"
"334",14,"Arizona Cardinals",ARI,"DST22","8","4 out of 5 stars","-120"
"335",14,"Justin Tucker",FA,"K20","-","-","-68"
"336",14,"Gus Edwards",FA,"RB101","-","-","+256"
"337",14,"Jalen Milroe",SEA,"QB37","8","4 out of 5 stars","-66"
"338",14,"Noah Brown",WAS,"WR115","12","3 out of 5 stars","+117"
"339",14,"Samaje Perine",CIN,"RB102","10","4 out of 5 stars","-46"
"340",14,"Josh Reynolds",NYJ,"WR116","9","4 out of 5 stars","+301"
"341",14,"Demarcus Robinson",SF,"WR117","14","4 out of 5 stars","+85"
"342",14,"Tai Felton",MIN,"WR118","6","2 out of 5 stars","+141"
"343",14,"A.J. Dillon",PHI,"RB103","9","3 out of 5 stars","-58"
"344",14,"Dawson Knox",BUF,"TE44","7","3 out of 5 stars","-48"
"345",14,"KaVontae Turpin",DAL,"WR119","10","2 out of 5 stars","-45"
"346",14,"Marquez Valdes-Scantling",SEA,"WR120","8","3 out of 5 stars","-19"
"347",14,"Cam Akers",NO,"RB104","11","4 out of 5 stars","+181"
"348",14,"Michael Mayer",LV,"TE45","8","2 out of 5 stars","-49"
"349",14,"Troy Franklin",DEN,"WR121","12","3 out of 5 stars","-59"
"350",14,"Spencer Rattler",NO,"QB38","11","5 out of 5 stars","+97"
"351",14,"Isaiah Bond",FA,"WR122","-","-","-"
"352",14,"Savion Williams",GB,"WR123","5","2 out of 5 stars","+94"
"353",14,"Jake Moody",SF,"K21","14","5 out of 5 stars","-117"
"354",14,"Luke Musgrave",GB,"TE46","5","2 out of 5 stars","-35"
"355",14,"Tank Dell",HOU,"WR124","6","4 out of 5 stars","-58"
"356",14,"Kirk Cousins",ATL,"QB39","5","4 out of 5 stars","-49"
"357",14,"AJ Barner",SEA,"TE47","8","4 out of 5 stars","-35"
"358",14,"Chimere Dike",TEN,"WR125","10","4 out of 5 stars","+542"
"359",14,"New York Giants",NYG,"DST23","14","1 out of 5 stars","-174"
"360",14,"Eddy Pineiro",FA,"K22","-","-","+140"
"361",14,"Curtis Samuel",BUF,"WR126","7","3 out of 5 stars","+64"
"362",14,"Jameis Winston",NYG,"QB40","14","1 out of 5 stars","-22"
"363",14,"Donovan Edwards",NYJ,"RB105","9","5 out of 5 stars","+272"
"364",14,"Brandon McManus",GB,"K23","5","3 out of 5 stars","-148"
"365",14,"Jaylin Lane",WAS,"WR127","12","3 out of 5 stars","+65"
"366",14,"Dillon Gabriel",CLE,"QB41","9","2 out of 5 stars","+267"
"367",14,"Gunnar Helm",TEN,"TE48","10","3 out of 5 stars","+401"
"368",15,"Robert Woods",PIT,"WR128","5","4 out of 5 stars","-3"
"369",15,"Greg Dortch",ARI,"WR129","8","4 out of 5 stars","+99"
"370",15,"Mack Hollins",NE,"WR130","14","3 out of 5 stars","-4"
"371",15,"Kenny Pickett",CLE,"QB42","9","2 out of 5 stars","+169"
"372",15,"KeAndre Lambert-Smith",LAC,"WR131","12","3 out of 5 stars","+20"
"373",15,"Theo Wease Jr.",MIA,"WR132","12","3 out of 5 stars","-"
"374",15,"Trey Sermon",PIT,"RB106","5","4 out of 5 stars","+301"
"375",15,"Matt Prater",FA,"K24","-","-","+117"
"376",15,"Hunter Renfrow",CAR,"WR133","14","4 out of 5 stars","-46"
"377",15,"LeQuint Allen Jr.",JAC,"RB107","8","2 out of 5 stars","+146"
"378",15,"Antwane Wells Jr.",NYG,"WR134","14","2 out of 5 stars","-"
"379",15,"Austin Hooper",NE,"TE49","14","3 out of 5 stars","-35"
"380",15,"Washington Commanders",WAS,"DST24","12","4 out of 5 stars","-190"
"381",15,"Allen Lazard",NYJ,"WR135","9","4 out of 5 stars","+36"
"382",15,"Luke Schoonmaker",DAL,"TE50","10","2 out of 5 stars","+1"
"383",15,"Van Jefferson",TEN,"WR136","10","4 out of 5 stars","+112"
"384",15,"Jahan Dotson",PHI,"WR137","9","3 out of 5 stars","-73"
"385",15,"Emari Demercado",ARI,"RB108","8","3 out of 5 stars","+333"
"386",15,"Cam Little",JAC,"K25","8","5 out of 5 stars","-92"
"387",15,"Jacob Cowing",SF,"WR138","14","4 out of 5 stars","+95"
"388",15,"Ameer Abdullah",SF,"RB109","14","3 out of 5 stars","+404"
"389",15,"Ja'Quinden Jackson",JAC,"RB110","8","2 out of 5 stars","+381"
"390",15,"Tommy Tremble",CAR,"TE51","14","4 out of 5 stars","+64"
"391",15,"Foster Moreau",NO,"TE52","11","3 out of 5 stars","+190"
"392",15,"Chad Ryland",ARI,"K26","8","3 out of 5 stars","-71"
"393",15,"Mason Rudolph",PIT,"QB43","5","4 out of 5 stars","-9"
"394",15,"Olamide Zaccheaus",CHI,"WR139","5","2 out of 5 stars","+4"
"395",15,"Jordan Watkins",SF,"WR140","14","4 out of 5 stars","+363"
"396",15,"Deshaun Watson",CLE,"QB44","9","2 out of 5 stars","-46"
"397",15,"Jonathon Brooks",CAR,"RB111","14","3 out of 5 stars","+116"
"398",15,"Malachi Corley",NYJ,"WR141","9","4 out of 5 stars","+193"
"399",15,"Kyle Juszczyk",SF,"RB112","14","3 out of 5 stars","-19"
"400",15,"Kendrick Bourne",NE,"WR142","14","3 out of 5 stars","+22"
"401",15,"Kalel Mullings",TEN,"RB113","10","2 out of 5 stars","+500"
"402",15,"Jamari Thrash",CLE,"WR143","9","2 out of 5 stars","+132"
"403",15,"Michael Gallup",WAS,"WR144","12","3 out of 5 stars","+169"
"404",15,"Bub Means",NO,"WR145","11","4 out of 5 stars","+193"
"405",15,"Ja'Lynn Polk",NE,"WR146","14","3 out of 5 stars","+206"
"406",15,"Jonathan Mingo",DAL,"WR147","10","2 out of 5 stars","+295"
"407",15,"Devontez Walker",BAL,"WR148","7","3 out of 5 stars","+54"
"408",15,"Atlanta Falcons",ATL,"DST25","5","3 out of 5 stars","-120"
"409",15,"Grant Calcaterra",PHI,"TE53","9","3 out of 5 stars","-78"
"410",15,"Indianapolis Colts",IND,"DST26","11","4 out of 5 stars","-165"
"411",15,"Javon Baker",NE,"WR149","14","3 out of 5 stars","+147"
"412",15,"Jake Bobo",SEA,"WR150","8","3 out of 5 stars","-57"
"413",15,"JuJu Smith-Schuster",KC,"WR151","10","3 out of 5 stars","-100"
"414",15,"KhaDarel Hodge",ATL,"WR152","5","3 out of 5 stars","+165"
"415",15,"Zay Jones",ARI,"WR153","8","4 out of 5 stars","+378"
"416",15,"Cade Stover",HOU,"TE54","6","3 out of 5 stars","+209"
"417",15,"Jalin Hyatt",NYG,"WR154","14","2 out of 5 stars","-36"
"418",15,"Cincinnati Bengals",CIN,"DST27","10","2 out of 5 stars","-176"
"419",15,"Arian Smith",NYJ,"WR155","9","4 out of 5 stars","+167"
"420",15,"Aidan O'Connell",LV,"QB45","8","3 out of 5 stars","-31"
"421",15,"Josh Oliver",MIN,"TE55","6","3 out of 5 stars","-59"
"422",15,"Craig Reynolds",DET,"RB114","8","2 out of 5 stars","-63"
"423",15,"Alec Ingold",MIA,"RB115","12","4 out of 5 stars","+378"
"424",15,"Jeremy Ruckert",NYJ,"TE56","9","3 out of 5 stars","+158"
"425",15,"Jake Haener",NO,"QB46","11","5 out of 5 stars","+282"
"426",15,"Blake Grupe",NO,"K27","11","5 out of 5 stars","-131"
"427",15,"Clyde Edwards-Helaire",NO,"RB116","11","4 out of 5 stars","+44"
"428",15,"Joe Milton III",DAL,"QB47","10","2 out of 5 stars","-90"
"429",15,"Will Howard",PIT,"QB48","5","4 out of 5 stars","-93"
"430",15,"Marcus Yarns",NO,"RB117","11","4 out of 5 stars","+490"
"431",15,"Mitchell Evans",CAR,"TE57","14","4 out of 5 stars","+3"
"432",15,"Darnell Washington",PIT,"TE58","5","3 out of 5 stars","-83"
"433",15,"Greg Dulcich",NYG,"TE59","14","2 out of 5 stars","+394"
"434",15,"D'Ernest Johnson",BAL,"RB118","7","4 out of 5 stars","+373"
"435",15,"Kalif Raymond",DET,"WR156","8","3 out of 5 stars","-79"
"436",15,"Julian Hill",MIA,"TE60","12","3 out of 5 stars","-5"
"437",16,"Rondale Moore",MIN,"WR157","6","2 out of 5 stars","+99"
"438",16,"Stone Smartt",NYJ,"TE61","9","3 out of 5 stars","+261"
"439",16,"Jimmy Horn Jr.",CAR,"WR158","14","4 out of 5 stars","-134"
"440",16,"Marcus Mariota",WAS,"QB49","12","2 out of 5 stars","-22"
"441",16,"Elijah Higgins",ARI,"TE62","8","5 out of 5 stars","-44"
"442",16,"Cordarrelle Patterson",FA,"RB119","-","-","+159"
"443",16,"Michael Carter",ARI,"RB120","8","3 out of 5 stars","+231"
"444",16,"Malik Willis",GB,"QB50","5","2 out of 5 stars","-68"
"445",16,"Cairo Santos",CHI,"K28","5","1 out of 5 stars","-159"
"446",16,"Pierre Strong Jr.",CLE,"RB121","9","4 out of 5 stars","+239"
"447",16,"Mac Jones",SF,"QB51","14","4 out of 5 stars","-75"
"448",16,"Jeremy McNichols",WAS,"RB122","12","2 out of 5 stars","+40"
"449",16,"Patrick Taylor Jr.",SF,"RB123","14","3 out of 5 stars","+141"
"450",16,"Chris Tyree",NO,"RB124","11","4 out of 5 stars","+334"
"451",16,"Ronnie Rivers",LAR,"RB125","8","3 out of 5 stars","+390"
"452",16,"Deuce Vaughn",DAL,"RB126","10","2 out of 5 stars","-62"
"453",16,"Sam Howell",MIN,"QB52","6","2 out of 5 stars","+33"
"454",16,"Hunter Long",JAC,"TE63","8","3 out of 5 stars","+364"
"455",16,"Zach Wilson",MIA,"QB53","12","5 out of 5 stars","-6"
"456",16,"Jake Browning",CIN,"QB54","10","2 out of 5 stars","+43"
"457",16,"Derius Davis",LAC,"WR159","12","3 out of 5 stars","+162"
"458",16,"Tyler Goodson",IND,"RB127","11","2 out of 5 stars","+151"
"459",16,"Treylon Burks",TEN,"WR160","10","4 out of 5 stars","+223"
"460",16,"Kylen Granson",PHI,"TE64","9","3 out of 5 stars","+153"
"461",16,"Michael Burton",DEN,"RB128","12","2 out of 5 stars","+100"
"462",16,"Hassan Haskins",LAC,"RB129","12","2 out of 5 stars","+39"
"463",16,"Harrison Bryant",PHI,"TE65","9","3 out of 5 stars","+198"
"464",16,"Thomas Fidone II",NYG,"TE66","14","2 out of 5 stars","+457"
"465",16,"Ezekiel Elliott",FA,"RB130","-","-","-56"
"466",16,"Tyler Johnson",NYJ,"WR161","9","4 out of 5 stars","+139"
"467",16,"Josh Whyle",TEN,"TE67","10","3 out of 5 stars","+149"
"468",16,"Brevin Jordan",HOU,"TE68","6","3 out of 5 stars","+64"
"469",16,"Jimmy Garoppolo",LAR,"QB55","8","3 out of 5 stars","-69"
"470",16,"Colby Parkinson",LAR,"TE69","8","4 out of 5 stars","+61"
"471",16,"Carson Steele",KC,"RB131","10","2 out of 5 stars","-89"
"472",16,"John Bates",WAS,"TE70","12","3 out of 5 stars","+204"
"473",16,"Dylan Laube",LV,"RB132","8","2 out of 5 stars","+258"
"474",16,"Cooper Rush",BAL,"QB56","7","3 out of 5 stars","-88"
"475",16,"Tyler Badie",DEN,"RB133","12","2 out of 5 stars","+60"
"476",16,"Julius Chestnut",TEN,"RB134","10","2 out of 5 stars","-16"
"477",16,"Taylor Heinicke",LAC,"QB57","12","3 out of 5 stars","+161"
"478",16,"Johnny Mundt",JAC,"TE71","8","3 out of 5 stars","-"